num,Year,districts,Total,Totalu5,ZS
1,2014,BANIKOARA,253840,46725,Banikoara (ZS)
2,2014,GOGOUNOU,120986,23654,Kandi-Gogounou-Ségbana  
3,2014,KANDI,184572,34987,Kandi-Gogounou-Ségbana  
4,2014,KARIMAMA,68308,13139,Malanville-Karimama  
5,2014,MALANVILLE,173610,32457,Malanville-Karimama  
6,2014,SEGBANA,91706,18513,Kandi-Gogounou-Ségbana  
7,2014,BOUKOUMBE,84879,15157,Natitingou-Boukoumbé-Toucountouna  
8,2014,COBLY,69595,13348,Tanguiéta-Cobly-Matéri  
9,2014,KEROU,103149,20946,Kouandé-Péhunco-Kérou  
10,2014,KOUANDE,114826,21406,Kouandé-Péhunco-Kérou  
11,2014,MATERI,117316,20850,Tanguiéta-Cobly-Matéri  
12,2014,NATITINGOU,106903,16880,Natitingou-Boukoumbé-Toucountouna  
13,2014,PEHUNCO,80522,15820,Kouandé-Péhunco-Kérou  
14,2014,TANGUIETA,77122,13624,Tanguiéta-Cobly-Matéri  
15,2014,TOUCOUNTOUNA,40951,7045,Natitingou-Boukoumbé-Toucountouna  
16,2014,ABOMEY-CALAVI,675696,105882,Abomey-Calavi-So-ava  
17,2014,ALLADA,131269,21182,Allada-Toffo-Zè  
18,2014,KPOMASSE,69641,10475,Ouidah-Kpomassè-Tori-Bossito  
19,2014,OUIDAH,166808,27395,Ouidah-Kpomassè-Tori-Bossito  
20,2014,SO-AVA,122040,22299,Abomey-Calavi-So-ava  
21,2014,TOFFO,104578,16636,Allada-Toffo-Zè  
22,2014,TORI-BOSSITO,59330,9775,Ouidah-Kpomassè-Tori-Bossito  
23,2014,ZE,110063,18972,Allada-Toffo-Zè  
24,2014,BEMBEREKE,135122,24255,Bembèrèkè-Sinendé  
25,2014,KALALE,173858,37411,Nikki-Kalalé-Pèrèrè  
26,2014,N'DALI,116951,22422,N'Dali-Parakou  
27,2014,NIKKI,155688,31560,Nikki-Kalalé-Pèrèrè  
28,2014,PARAKOU,263005,38349,N'Dali-Parakou  
29,2014,PERERE,81315,17865,Nikki-Kalalé-Pèrèrè  
30,2014,SINENDE,94373,18488,Bembèrèkè-Sinendé  
31,2014,TCHAOUROU,229712,43978,Tchaourou (ZS)  
32,2014,BANTE,110339,17429,Savalou-Bantè  
33,2014,DASSA-ZOUME,115425,18393,Dassa-Glazoué  
34,2014,GLAZOUE,128097,19023,Dassa-Glazoué  
35,2014,OUESSE,146201,22298,Savè-Ouèssè  
36,2014,SAVALOU,148808,25036,Savalou-Bantè  
37,2014,SAVE,89745,13406,Savè-Ouèssè  
38,2014,APLAHOUE,176150,28970,Aplahoué-Djakotomey-Dogbo  
39,2014,DJAKOTOME,137977,21099,Aplahoué-Djakotomey-Dogbo  
40,2014,DOGBO,106093,15310,Aplahoué-Djakotomey-Dogbo  
41,2014,KLOUEKANME,132386,21985,Klouékamè-Toviklin-Lalo  
42,2014,LALO,123459,20101,Klouékamè-Toviklin-Lalo  
43,2014,TOVIKLIN,91222,14329,Klouékamè-Toviklin-Lalo  
44,2014,BASSILA,133924,22677,Bassila (ZS)  
45,2014,COPARGO,73028,10786,Djougou-Ouaké-Copargo  
46,2014,DJOUGOU,275703,46527,Djougou-Ouaké-Copargo  
47,2014,OUAKE,76478,11490,Djougou-Ouaké-Copargo  
48,2014,COTONOU,699018,97500,Cotonou  
49,2014,ATHIEME,58147,8787,Lokossa-Athiémè  
50,2014,BOPA,99118,15116,Comè-Grand popo-Houèyogbé-Bopa  
51,2014,COME,82346,12077,Comè-Grand popo-Houèyogbé-Bopa  
52,2014,GRAND-POPO,59334,8508,Comè-Grand popo-Houèyogbé-Bopa  
53,2014,HOUEYOGBE,104895,15553,Comè-Grand popo-Houèyogbé-Bopa  
54,2014,LOKOSSA,108053,16277,Lokossa-Athiémè  
55,2014,ADJARRA,100294,16508,Akpro-missérété-Avrankou-Adjarra  
56,2014,ADJOHOUN,77542,12323,Adjohoun-Bonou-Dangbo  
57,2014,AGUEGUES,45875,7377,Porto-Novo-Sèmè-Kpodji-Aguégués  
58,2014,AKPRO-MISSERETE,107776,20903,Akpro-missérété-Avrankou-Adjarra  
59,2014,AVRANKOU,131823,23004,Akpro-missérété-Avrankou-Adjarra  
60,2014,BONOU,45656,7157,Adjohoun-Bonou-Dangbo  
61,2014,DANGBO,99267,16739,Adjohoun-Bonou-Dangbo  
62,2014,PORTO-NOVO,272108,38818,Porto-Novo-Sèmè-Kpodji-Aguégués  
63,2014,SEME-KPODJI,229262,37551,Porto-Novo-Sèmè-Kpodji-Aguégués  
64,2014,ADJA-OUERE,119708,19325,Pobè-Kétou-Adja-ouèrè  
65,2014,IFANGNI,114243,18825,Sakété-Ifangni  
66,2014,KETOU,161988,26923,Pobè-Kétou-Adja-ouèrè  
67,2014,POBE,127321,20350,Pobè-Kétou-Adja-ouèrè  
68,2014,SAKETE,117449,16659,Sakété-Ifangni  
69,2014,ABOMEY,94984,13232,Djidja-Abomey-Agbangnizoun  
70,2014,AGBANGNIZOUN,74687,11602,Djidja-Abomey-Agbangnizoun  
71,2014,BOHICON,176842,27703,Bohicon-Za-kpota-Zogbodomey  
72,2014,COVE,52757,7919,Covè-Zagnanado-Ouinhi  
73,2014,DJIDJA,127182,21012,Djidja-Abomey-Agbangnizoun  
74,2014,OUINHI,61131,9782,Covè-Zagnanado-Ouinhi  
75,2014,ZAGNANADO,56683,8665,Covè-Zagnanado-Ouinhi  
76,2014,ZA-KPOTA,136731,23258,Bohicon-Za-kpota-Zogbodomey  
77,2014,ZOGBODOMEY,95673,15786,Bohicon-Za-kpota-Zogbodomey  
78,2016,BANIKOARA,268911,47951,Banikoara (ZS)  
79,2016,GOGOUNOU,128169,24288,Kandi-Gogounou-Ségbana  
80,2016,KANDI,195531,35887,Kandi-Gogounou-Ségbana  
81,2016,KARIMAMA,72363,13479,Malanville-Karimama  
82,2016,MALANVILLE,183917,33282,Malanville-Karimama  
83,2016,SEGBANA,97150,19028,Kandi-Gogounou-Ségbana  
84,2016,BOUKOUMBE,89919,15480,Natitingou-Boukoumbé-Toucountouna  
85,2016,COBLY,73727,13728,Tanguiéta-Cobly-Matéri  
86,2016,KEROU,109273,21552,Kouandé-Péhunco-Kérou  
87,2016,KOUANDE,121644,21924,Kouandé-Péhunco-Kérou  
88,2016,MATERI,124281,21405,Tanguiéta-Cobly-Matéri  
89,2016,NATITINGOU,113249,17202,Natitingou-Boukoumbé-Toucountouna  
90,2016,PEHUNCO,85302,16250,Kouandé-Péhunco-Kérou  
91,2016,TANGUIETA,81701,13959,Tanguiéta-Cobly-Matéri  
92,2016,TOUCOUNTOUNA,43382,7204,Natitingou-Boukoumbé-Toucountouna  
93,2016,ABOMEY-CALAVI,715813,107776,Abomey-Calavi-So-ava  
94,2016,ALLADA,139062,21635,Allada-Toffo-Zè  
95,2016,KPOMASSE,73776,10692,Ouidah-Kpomassè-Tori-Bossito  
96,2016,OUIDAH,176712,27919,Ouidah-Kpomassè-Tori-Bossito  
97,2016,SO-AVA,129285,22859,Abomey-Calavi-So-ava  
98,2016,TOFFO,110787,16994,Allada-Toffo-Zè  
99,2016,TORI-BOSSITO,62852,9982,Ouidah-Kpomassè-Tori-Bossito  
100,2016,ZE,116598,19419,Allada-Toffo-Zè  
101,2016,BEMBEREKE,143145,24833,Bembèrèkè-Sinendé  
102,2016,KALALE,184180,38520,Nikki-Kalalé-Pèrèrè  
103,2016,N'DALI,123895,22979,N'Dali-Parakou  
104,2016,NIKKI,164931,32444,Nikki-Kalalé-Pèrèrè  
105,2016,PARAKOU,278620,38960,N'Dali-Parakou  
106,2016,PERERE,86143,18403,Nikki-Kalalé-Pèrèrè  
107,2016,SINENDE,99976,18993,Bembèrèkè-Sinendé  
108,2016,TCHAOUROU,243351,45132,Tchaourou (ZS)  
109,2016,BANTE,116890,17798,Savalou-Bantè  
110,2016,DASSA-ZOUME,122278,18767,Dassa-Glazoué  
111,2016,GLAZOUE,135702,19367,Dassa-Glazoué  
112,2016,OUESSE,154881,22737,Savè-Ouèssè  
113,2016,SAVALOU,157643,25568,Savalou-Bantè  
114,2016,SAVE,95074,13649,Savè-Ouèssè  
115,2016,APLAHOUE,186609,29666,Aplahoué-Djakotomey-Dogbo  
116,2016,DJAKOTOME,146169,21574,Aplahoué-Djakotomey-Dogbo  
117,2016,DOGBO,112392,15643,Aplahoué-Djakotomey-Dogbo  
118,2016,KLOUEKANME,140246,22502,Klouékamè-Toviklin-Lalo  
119,2016,LALO,130789,20598,Klouékamè-Toviklin-Lalo  
120,2016,TOVIKLIN,96638,14662,Klouékamè-Toviklin-Lalo  
121,2016,BASSILA,141875,23172,Bassila (ZS)  
122,2016,COPARGO,77364,11037,Djougou-Ouaké-Copargo  
123,2016,DJOUGOU,292071,47631,Djougou-Ouaké-Copargo  
124,2016,OUAKE,81018,11710,Djougou-Ouaké-Copargo  
125,2016,COTONOU,740519,98910,Cotonou  
126,2016,ATHIEME,61599,8962,Lokossa-Athiémè  
127,2016,BOPA,105002,15456,Comè-Grand popo-Houèyogbé-Bopa  
128,2016,COME,87235,12266,Comè-Grand popo-Houèyogbé-Bopa  
129,2016,GRAND-POPO,62857,8657,Comè-Grand popo-Houèyogbé-Bopa  
130,2016,HOUEYOGBE,111123,15873,Comè-Grand popo-Houèyogbé-Bopa  
131,2016,LOKOSSA,114469,16592,Lokossa-Athiémè  
132,2016,ADJARRA,106249,16819,Akpro-missérété-Avrankou-Adjarra  
133,2016,ADJOHOUN,82146,12579,Adjohoun-Bonou-Dangbo  
134,2016,AGUEGUES,48599,7555,Porto-Novo-Sèmè-Kpodji-Aguégués  
135,2016,AKPRO-MISSERETE,114174,21203,Akpro-missérété-Avrankou-Adjarra  
136,2016,AVRANKOU,139649,23500,Akpro-missérété-Avrankou-Adjarra  
137,2016,BONOU,48366,7292,Adjohoun-Bonou-Dangbo  
138,2016,DANGBO,105161,17134,Adjohoun-Bonou-Dangbo  
139,2016,PORTO-NOVO,288263,39378,Porto-Novo-Sèmè-Kpodji-Aguégués  
140,2016,SEME-KPODJI,242874,38270,Porto-Novo-Sèmè-Kpodji-Aguégués  
141,2016,ADJA-OUERE,126815,19716,Pobè-Kétou-Adja-ouèrè  
142,2016,IFANGNI,121025,19216,Sakété-Ifangni  
143,2016,KETOU,176576,27991,Pobè-Kétou-Adja-ouèrè  
144,2016,POBE,134880,20748,Pobè-Kétou-Adja-ouèrè  
145,2016,SAKETE,124422,16939,Sakété-Ifangni  
146,2016,ABOMEY,100624,13464,Djidja-Abomey-Agbangnizoun  
147,2016,AGBANGNIZOUN,79121,11869,Djidja-Abomey-Agbangnizoun  
148,2016,BOHICON,187341,28216,Bohicon-Za-kpota-Zogbodomey  
149,2016,COVE,55889,8058,Covè-Zagnanado-Ouinhi  
150,2016,DJIDJA,134733,21529,Djidja-Abomey-Agbangnizoun  
151,2016,OUINHI,64760,10000,Covè-Zagnanado-Ouinhi  
152,2016,ZAGNANADO,60049,8828,Covè-Zagnanado-Ouinhi  
153,2016,ZA-KPOTA,144849,23867,Bohicon-Za-kpota-Zogbodomey  
154,2016,ZOGBODOMEY,101353,16148,Bohicon-Za-kpota-Zogbodomey  
155,2018,BANIKOARA,284655,49898,Banikoara (ZS)  
156,2018,GOGOUNOU,135673,25283,Kandi-Gogounou-Ségbana  
157,2018,KANDI,206979,37340,Kandi-Gogounou-Ségbana  
158,2018,KARIMAMA,76600,14025,Malanville-Karimama  
159,2018,MALANVILLE,194685,34609,Malanville-Karimama  
160,2018,SEGBANA,102838,19820,Kandi-Gogounou-Ségbana  
161,2018,BOUKOUMBE,95183,16054,Natitingou-Boukoumbé-Toucountouna  
162,2018,COBLY,78043,14312,Tanguiéta-Cobly-Matéri  
163,2018,KEROU,115671,22464,Kouandé-Péhunco-Kérou  
164,2018,KOUANDE,128766,22787,Kouandé-Péhunco-Kérou  
165,2018,MATERI,131557,22271,Tanguiéta-Cobly-Matéri  
166,2018,NATITINGOU,119880,17800,Natitingou-Boukoumbé-Toucountouna  
167,2018,PEHUNCO,90297,16924,Kouandé-Péhunco-Kérou  
168,2018,TANGUIETA,86485,14512,Tanguiéta-Cobly-Matéri  
169,2018,TOUCOUNTOUNA,45922,7487,Natitingou-Boukoumbé-Toucountouna  
170,2018,ABOMEY-CALAVI,757724,111330,Abomey-Calavi-So-ava  
171,2018,ALLADA,147205,22410,Allada-Toffo-Zè  
172,2018,KPOMASSE,78095,11068,Ouidah-Kpomassè-Tori-Bossito  
173,2018,OUIDAH,187058,28893,Ouidah-Kpomassè-Tori-Bossito  
174,2018,SO-AVA,136855,23761,Abomey-Calavi-So-ava  
175,2018,TOFFO,117274,17605,Allada-Toffo-Zè  
176,2018,TORI-BOSSITO,66533,10345,Ouidah-Kpomassè-Tori-Bossito  
177,2018,ZE,123424,20153,Allada-Toffo-Zè  
178,2018,BEMBEREKE,151526,25784,Bembèrèkè-Sinendé  
179,2018,KALALE,194964,40202,Nikki-Kalalé-Pèrèrè  
180,2018,N'DALI,131149,23874,N'Dali-Parakou  
181,2018,NIKKI,174588,33798,Nikki-Kalalé-Pèrèrè  
182,2018,PARAKOU,294933,40165,N'Dali-Parakou  
183,2018,PERERE,91187,19203,Nikki-Kalalé-Pèrèrè  
184,2018,SINENDE,105830,19772,Bembèrèkè-Sinendé  
185,2018,TCHAOUROU,257599,46958,Tchaourou (ZS)  
186,2018,BANTE,123734,18438,Savalou-Bantè  
187,2018,DASSA-ZOUME,129438,19435,Dassa-Glazoué  
188,2018,GLAZOUE,143648,20025,Dassa-Glazoué  
189,2018,OUESSE,163950,23538,Savè-Ouèssè  
190,2018,SAVALOU,166873,26514,Savalou-Bantè  
191,2018,SAVE,100640,14110,Savè-Ouèssè  
192,2018,APLAHOUE,197535,30819,Aplahoué-Djakotomey-Dogbo  
193,2018,DJAKOTOME,154727,22387,Aplahoué-Djakotomey-Dogbo  
194,2018,DOGBO,118973,16199,Aplahoué-Djakotomey-Dogbo  
195,2018,KLOUEKANME,148457,23366,Klouékamè-Toviklin-Lalo  
196,2018,LALO,138447,21410,Klouékamè-Toviklin-Lalo  
197,2018,TOVIKLIN,102296,15223,Klouékamè-Toviklin-Lalo  
198,2018,BASSILA,150182,24039,Bassila (ZS)  
199,2018,COPARGO,81893,11461,Djougou-Ouaké-Copargo  
200,2018,DJOUGOU,309172,49452,Djougou-Ouaké-Copargo  
201,2018,OUAKE,85762,12125,Djougou-Ouaké-Copargo  
202,2018,COTONOU,783877,101917,Cotonou  
203,2018,ATHIEME,65206,9274,Lokossa-Athiémè  
204,2018,BOPA,111150,16036,Comè-Grand popo-Houèyogbé-Bopa  
205,2018,COME,92342,12658,Comè-Grand popo-Houèyogbé-Bopa  
206,2018,GRAND-POPO,66537,8940,Comè-Grand popo-Houèyogbé-Bopa  
207,2018,HOUEYOGBE,117629,16434,Comè-Grand popo-Houèyogbé-Bopa  
208,2018,LOKOSSA,121171,17159,Lokossa-Athiémè  
209,2018,ADJARRA,112470,17398,Akpro-missérété-Avrankou-Adjarra  
210,2018,ADJOHOUN,86956,13028,Adjohoun-Bonou-Dangbo  
211,2018,AGUEGUES,51444,7840,Porto-Novo-Sèmè-Kpodji-Aguégués  
212,2018,AKPRO-MISSERETE,120859,21913,Akpro-missérété-Avrankou-Adjarra  
213,2018,AVRANKOU,147826,24356,Akpro-missérété-Avrankou-Adjarra  
214,2018,BONOU,51198,7546,Adjohoun-Bonou-Dangbo  
215,2018,DANGBO,111318,17774,Adjohoun-Bonou-Dangbo  
216,2018,PORTO-NOVO,305141,40593,Porto-Novo-Sèmè-Kpodji-Aguégués  
217,2018,SEME-KPODJI,257094,39606,Porto-Novo-Sèmè-Kpodji-Aguégués  
218,2018,ADJA-OUERE,134240,20434,Pobè-Kétou-Adja-ouèrè  
219,2018,IFANGNI,128111,19908,Sakété-Ifangni  
220,2018,KETOU,181653,28566,Pobè-Kétou-Adja-ouèrè  
221,2018,POBE,142777,21497,Pobè-Kétou-Adja-ouèrè  
222,2018,SAKETE,131707,17505,Sakété-Ifangni  
223,2018,ABOMEY,106515,13905,Djidja-Abomey-Agbangnizoun  
224,2018,AGBANGNIZOUN,83753,12304,Djidja-Abomey-Agbangnizoun  
225,2018,BOHICON,198310,29171,Bohicon-Za-kpota-Zogbodomey  
226,2018,COVE,59161,8324,Covè-Zagnanado-Ouinhi  
227,2018,DJIDJA,142621,22371,Djidja-Abomey-Agbangnizoun  
228,2018,OUINHI,68552,10369,Covè-Zagnanado-Ouinhi  
229,2018,ZAGNANADO,63564,9132,Covè-Zagnanado-Ouinhi  
230,2018,ZA-KPOTA,153330,24819,Bohicon-Za-kpota-Zogbodomey  
231,2018,ZOGBODOMEY,107288,16758,Bohicon-Za-kpota-Zogbodomey  
232,2020,BANIKOARA,301064,51918,Banikoara (ZS)  
233,2020,GOGOUNOU,143494,26306,Kandi-Gogounou-Ségbana  
234,2020,KANDI,218910,38861,Kandi-Gogounou-Ségbana  
235,2020,KARIMAMA,81016,14586,Malanville-Karimama  
236,2020,MALANVILLE,205908,35983,Malanville-Karimama  
237,2020,SEGBANA,108767,20622,Kandi-Gogounou-Ségbana  
238,2020,BOUKOUMBE,100670,16688,Natitingou-Boukoumbé-Toucountouna  
239,2020,COBLY,82542,14902,Tanguiéta-Cobly-Matéri  
240,2020,KEROU,122339,23375,Kouandé-Péhunco-Kérou  
241,2020,KOUANDE,136189,23713,Kouandé-Péhunco-Kérou  
242,2020,MATERI,139141,23145,Tanguiéta-Cobly-Matéri  
243,2020,NATITINGOU,126791,18478,Natitingou-Boukoumbé-Toucountouna  
244,2020,PEHUNCO,95502,17619,Kouandé-Péhunco-Kérou  
245,2020,TANGUIETA,91470,15098,Tanguiéta-Cobly-Matéri  
246,2020,TOUCOUNTOUNA,48570,7804,Natitingou-Boukoumbé-Toucountouna  
247,2020,ABOMEY-CALAVI,801403,115395,Abomey-Calavi-So-ava  
248,2020,ALLADA,155690,23241,Allada-Toffo-Zè  
249,2020,KPOMASSE,82597,11474,Ouidah-Kpomassè-Tori-Bossito  
250,2020,OUIDAH,197841,30001,Ouidah-Kpomassè-Tori-Bossito  
251,2020,SO-AVA,144744,24702,Abomey-Calavi-So-ava  
252,2020,TOFFO,124034,18262,Allada-Toffo-Zè  
253,2020,TORI-BOSSITO,70368,10744,Ouidah-Kpomassè-Tori-Bossito  
254,2020,ZE,130539,20922,Allada-Toffo-Zè  
255,2020,BEMBEREKE,160260,26789,Bembèrèkè-Sinendé  
256,2020,KALALE,206202,41904,Nikki-Kalalé-Pèrèrè  
257,2020,N'DALI,138709,24811,N'Dali-Parakou  
258,2020,NIKKI,184652,35168,Nikki-Kalalé-Pèrèrè  
259,2020,PARAKOU,311935,41564,N'Dali-Parakou  
260,2020,PERERE,96443,20003,Nikki-Kalalé-Pèrèrè  
261,2020,SINENDE,111930,20567,Bembèrèkè-Sinendé  
262,2020,TCHAOUROU,272448,48844,Tchaourou (ZS)  
263,2020,BANTE,130866,19139,Savalou-Bantè  
264,2020,DASSA-ZOUME,136899,20175,Dassa-Glazoué  
265,2020,GLAZOUE,151928,20785,Dassa-Glazoué  
266,2020,OUESSE,173401,24433,Savè-Ouèssè  
267,2020,SAVALOU,176492,27574,Savalou-Bantè  
268,2020,SAVE,106442,14633,Savè-Ouèssè  
269,2020,APLAHOUE,208921,32037,Aplahoué-Djakotomey-Dogbo  
270,2020,DJAKOTOME,163646,23253,Aplahoué-Djakotomey-Dogbo  
271,2020,DOGBO,125831,16774,Aplahoué-Djakotomey-Dogbo  
272,2020,KLOUEKANME,157015,24283,Klouékamè-Toviklin-Lalo  
273,2020,LALO,146428,22257,Klouékamè-Toviklin-Lalo  
274,2020,TOVIKLIN,108193,15820,Klouékamè-Toviklin-Lalo  
275,2020,BASSILA,158839,24993,Bassila (ZS)  
276,2020,COPARGO,86614,11916,Djougou-Ouaké-Copargo  
277,2020,DJOUGOU,326994,51373,Djougou-Ouaké-Copargo  
278,2020,OUAKE,90706,12600,Djougou-Ouaké-Copargo  
279,2020,COTONOU,829063,105514,Cotonou  
280,2020,ATHIEME,68965,9616,Lokossa-Athiémè  
281,2020,BOPA,117558,16660,Comè-Grand popo-Houèyogbé-Bopa  
282,2020,COME,97665,13129,Comè-Grand popo-Houèyogbé-Bopa  
283,2020,GRAND-POPO,70373,9265,Comè-Grand popo-Houèyogbé-Bopa  
284,2020,HOUEYOGBE,124410,17046,Comè-Grand popo-Houèyogbé-Bopa  
285,2020,LOKOSSA,128156,17788,Lokossa-Athiémè  
286,2020,ADJARRA,118953,18059,Akpro-missérété-Avrankou-Adjarra  
287,2020,ADJOHOUN,91968,13522,Adjohoun-Bonou-Dangbo  
288,2020,AGUEGUES,54410,8128,Porto-Novo-Sèmè-Kpodji-Aguégués  
289,2020,AKPRO-MISSERETE,127826,22857,Akpro-missérété-Avrankou-Adjarra  
290,2020,AVRANKOU,156347,25293,Akpro-missérété-Avrankou-Adjarra  
291,2020,BONOU,54149,7838,Adjohoun-Bonou-Dangbo  
292,2020,DANGBO,117735,18434,Adjohoun-Bonou-Dangbo  
293,2020,PORTO-NOVO,322731,42071,Porto-Novo-Sèmè-Kpodji-Aguégués  
294,2020,SEME-KPODJI,271914,41125,Porto-Novo-Sèmè-Kpodji-Aguégués  
295,2020,ADJA-OUERE,141979,21250,Pobè-Kétou-Adja-ouèrè  
296,2020,IFANGNI,135496,20675,Sakété-Ifangni  
297,2020,KETOU,192124,29705,Pobè-Kétou-Adja-ouèrè  
298,2020,POBE,151008,22360,Pobè-Kétou-Adja-ouèrè  
299,2020,SAKETE,139300,18178,Sakété-Ifangni  
300,2020,ABOMEY,112655,14408,Djidja-Abomey-Agbangnizoun  
301,2020,AGBANGNIZOUN,88581,12762,Djidja-Abomey-Agbangnizoun  
302,2020,BOHICON,209742,30259,Bohicon-Za-kpota-Zogbodomey  
303,2020,COVE,62572,8633,Covè-Zagnanado-Ouinhi  
304,2020,DJIDJA,150843,23251,Djidja-Abomey-Agbangnizoun  
305,2020,OUINHI,72503,10763,Covè-Zagnanado-Ouinhi  
306,2020,ZAGNANADO,67229,9479,Covè-Zagnanado-Ouinhi  
307,2020,ZA-KPOTA,162169,25797,Bohicon-Za-kpota-Zogbodomey  
308,2020,ZOGBODOMEY,113472,17413,Bohicon-Za-kpota-Zogbodomey  
309,2022,BANIKOARA,318173,54032,Banikoara (ZS)  
310,2022,GOGOUNOU,151648,27375,Kandi-Gogounou-Ségbana  
311,2022,KANDI,231351,40449,Kandi-Gogounou-Ségbana  
312,2022,KARIMAMA,85620,15167,Malanville-Karimama  
313,2022,MALANVILLE,217609,37417,Malanville-Karimama  
314,2022,SEGBANA,114948,21459,Kandi-Gogounou-Ségbana  
315,2022,BOUKOUMBE,106391,17356,Natitingou-Boukoumbé-Toucountouna  
316,2022,COBLY,87233,15511,Tanguiéta-Cobly-Matéri  
317,2022,KEROU,129291,24316,Kouandé-Péhunco-Kérou  
318,2022,KOUANDE,143928,24685,Kouandé-Péhunco-Kérou  
319,2022,MATERI,147048,24067,Tanguiéta-Cobly-Matéri  
320,2022,NATITINGOU,133996,19201,Natitingou-Boukoumbé-Toucountouna  
321,2022,PEHUNCO,100929,18341,Kouandé-Péhunco-Kérou  
322,2022,TANGUIETA,96668,15716,Tanguiéta-Cobly-Matéri  
323,2022,TOUCOUNTOUNA,51330,8139,Natitingou-Boukoumbé-Toucountouna  
324,2022,ABOMEY-CALAVI,846945,119709,Abomey-Calavi-So-ava  
325,2022,ALLADA,164538,24118,Allada-Toffo-Zè  
326,2022,KPOMASSE,87291,11907,Ouidah-Kpomassè-Tori-Bossito  
327,2022,OUIDAH,209084,31180,Ouidah-Kpomassè-Tori-Bossito  
328,2022,SO-AVA,152970,25692,Abomey-Calavi-So-ava  
329,2022,TOFFO,131082,18960,Allada-Toffo-Zè  
330,2022,TORI-BOSSITO,74367,11168,Ouidah-Kpomassè-Tori-Bossito  
331,2022,ZE,137957,21736,Allada-Toffo-Zè  
332,2022,BEMBEREKE,169368,27849,Bembèrèkè-Sinendé  
333,2022,KALALE,217920,43672,Nikki-Kalalé-Pèrèrè  
334,2022,N'DALI,146591,25797,N'Dali-Parakou  
335,2022,NIKKI,195145,36590,Nikki-Kalalé-Pèrèrè  
336,2022,PARAKOU,329661,43061,N'Dali-Parakou  
337,2022,PERERE,101924,20823,Nikki-Kalalé-Pèrèrè  
338,2022,SINENDE,118291,21398,Bembèrèkè-Sinendé  
339,2022,TCHAOUROU,287931,50814,Tchaourou (ZS)  
340,2022,BANTE,138303,19891,Savalou-Bantè  
341,2022,DASSA-ZOUME,144679,20968,Dassa-Glazoué  
342,2022,GLAZOUE,160562,21611,Dassa-Glazoué  
343,2022,OUESSE,183255,25396,Savè-Ouèssè  
344,2022,SAVALOU,186522,28706,Savalou-Bantè  
345,2022,SAVE,112491,15193,Savè-Ouèssè  
346,2022,APLAHOUE,220794,33333,Aplahoué-Djakotomey-Dogbo  
347,2022,DJAKOTOME,172946,24183,Aplahoué-Djakotomey-Dogbo  
348,2022,DOGBO,132982,17392,Aplahoué-Djakotomey-Dogbo  
349,2022,KLOUEKANME,165938,25261,Klouékamè-Toviklin-Lalo  
350,2022,LALO,154749,23159,Klouékamè-Toviklin-Lalo  
351,2022,TOVIKLIN,114341,16460,Klouékamè-Toviklin-Lalo  
352,2022,BASSILA,167866,26001,Bassila (ZS)  
353,2022,COPARGO,91536,12392,Djougou-Ouaké-Copargo  
354,2022,DJOUGOU,345577,53389,Djougou-Ouaké-Copargo  
355,2022,OUAKE,95860,13107,Djougou-Ouaké-Copargo  
356,2022,COTONOU,876178,109323,Cotonou  
357,2022,ATHIEME,72884,9984,Lokossa-Athiémè  
358,2022,BOPA,124238,17325,Comè-Grand popo-Houèyogbé-Bopa  
359,2022,COME,103216,13637,Comè-Grand popo-Houèyogbé-Bopa  
360,2022,GRAND-POPO,74372,9611,Comè-Grand popo-Houèyogbé-Bopa  
361,2022,HOUEYOGBE,131480,17702,Comè-Grand popo-Houèyogbé-Bopa  
362,2022,LOKOSSA,135439,18464,Lokossa-Athiémè  
363,2022,ADJARRA,125713,18766,Akpro-missérété-Avrankou-Adjarra  
364,2022,ADJOHOUN,97195,14043,Adjohoun-Bonou-Dangbo  
365,2022,AGUEGUES,57502,8430,Porto-Novo-Sèmè-Kpodji-Aguégués  
366,2022,AKPRO-MISSERETE,135090,23862,Akpro-missérété-Avrankou-Adjarra  
367,2022,AVRANKOU,165232,26279,Akpro-missérété-Avrankou-Adjarra  
368,2022,BONOU,57227,8152,Adjohoun-Bonou-Dangbo  
369,2022,DANGBO,124425,19126,Adjohoun-Bonou-Dangbo  
370,2022,PORTO-NOVO,341071,43648,Porto-Novo-Sèmè-Kpodji-Aguégués  
371,2022,SEME-KPODJI,287367,42736,Porto-Novo-Sèmè-Kpodji-Aguégués  
372,2022,ADJA-OUERE,150047,22125,Pobè-Kétou-Adja-ouèrè  
373,2022,IFANGNI,143196,21482,Sakété-Ifangni  
374,2022,KETOU,203042,30909,Pobè-Kétou-Adja-ouèrè  
375,2022,POBE,159589,23279,Pobè-Kétou-Adja-ouèrè  
376,2022,SAKETE,147216,18898,Sakété-Ifangni  
377,2022,ABOMEY,119057,14946,Djidja-Abomey-Agbangnizoun  
378,2022,AGBANGNIZOUN,93615,13249,Djidja-Abomey-Agbangnizoun  
379,2022,BOHICON,221661,31428,Bohicon-Za-kpota-Zogbodomey  
380,2022,COVE,66128,8964,Covè-Zagnanado-Ouinhi  
381,2022,DJIDJA,159415,24186,Djidja-Abomey-Agbangnizoun  
382,2022,OUINHI,76624,11180,Covè-Zagnanado-Ouinhi  
383,2022,ZAGNANADO,71049,9854,Covè-Zagnanado-Ouinhi  
384,2022,ZA-KPOTA,171385,26833,Bohicon-Za-kpota-Zogbodomey  
385,2022,ZOGBODOMEY,119921,18106,Bohicon-Za-kpota-Zogbodomey  
386,2015,BANIKOARA,261289,47241,Banikoara (ZS)  
387,2015,GOGOUNOU,124536,23921,Kandi-Gogounou-Ségbana  
388,2015,KANDI,189989,35364,Kandi-Gogounou-Ségbana  
389,2015,KARIMAMA,70312,13281,Malanville-Karimama  
390,2015,MALANVILLE,178704,32802,Malanville-Karimama  
391,2015,SEGBANA,94397,18732,Kandi-Gogounou-Ségbana  
392,2015,BOUKOUMBE,87370,15288,Natitingou-Boukoumbé-Toucountouna  
393,2015,COBLY,71637,13509,Tanguiéta-Cobly-Matéri  
394,2015,KEROU,106176,21206,Kouandé-Péhunco-Kérou  
395,2015,KOUANDE,118196,21622,Kouandé-Péhunco-Kérou  
396,2015,MATERI,120758,21082,Tanguiéta-Cobly-Matéri  
397,2015,NATITINGOU,110040,17009,Natitingou-Boukoumbé-Toucountouna  
398,2015,PEHUNCO,82884,16002,Kouandé-Péhunco-Kérou  
399,2015,TANGUIETA,79385,13762,Tanguiéta-Cobly-Matéri  
400,2015,TOUCOUNTOUNA,42153,7109,Natitingou-Boukoumbé-Toucountouna  
401,2015,ABOMEY-CALAVI,695525,106637,Abomey-Calavi-So-ava  
402,2015,ALLADA,135121,21368,Allada-Toffo-Zè  
403,2015,KPOMASSE,71685,10563,Ouidah-Kpomassè-Tori-Bossito  
404,2015,OUIDAH,171703,27604,Ouidah-Kpomassè-Tori-Bossito  
405,2015,SO-AVA,125621,22533,Abomey-Calavi-So-ava  
406,2015,TOFFO,107647,16782,Allada-Toffo-Zè  
407,2015,TORI-BOSSITO,61071,9859,Ouidah-Kpomassè-Tori-Bossito  
408,2015,ZE,113293,19158,Allada-Toffo-Zè  
409,2015,BEMBEREKE,139087,24495,Bembèrèkè-Sinendé  
410,2015,KALALE,178960,37885,Nikki-Kalalé-Pèrèrè  
411,2015,N'DALI,120383,22656,N'Dali-Parakou  
412,2015,NIKKI,160256,31936,Nikki-Kalalé-Pèrèrè  
413,2015,PARAKOU,270723,38587,N'Dali-Parakou  
414,2015,PERERE,83701,18097,Nikki-Kalalé-Pèrèrè  
415,2015,SINENDE,97142,18702,Bembèrèkè-Sinendé  
416,2015,TCHAOUROU,236453,44464,Tchaourou (ZS)  
417,2015,BANTE,113577,17579,Savalou-Bantè  
418,2015,DASSA-ZOUME,118813,18544,Dassa-Glazoué  
419,2015,GLAZOUE,131856,19157,Dassa-Glazoué  
420,2015,OUESSE,150492,22473,Savè-Ouèssè  
421,2015,SAVALOU,153175,25251,Savalou-Bantè  
422,2015,SAVE,92379,13502,Savè-Ouèssè  
423,2015,APLAHOUE,181320,29257,Aplahoué-Djakotomey-Dogbo  
424,2015,DJAKOTOME,142026,21292,Aplahoué-Djakotomey-Dogbo  
425,2015,DOGBO,109207,15446,Aplahoué-Djakotomey-Dogbo  
426,2015,KLOUEKANME,136271,22197,Klouékamè-Toviklin-Lalo  
427,2015,LALO,127082,20306,Klouékamè-Toviklin-Lalo  
428,2015,TOVIKLIN,93899,14465,Klouékamè-Toviklin-Lalo  
429,2015,BASSILA,137854,22879,Bassila (ZS)  
430,2015,COPARGO,75171,10889,Djougou-Ouaké-Copargo  
431,2015,DJOUGOU,283793,46986,Djougou-Ouaké-Copargo  
432,2015,OUAKE,78722,11577,Djougou-Ouaké-Copargo  
433,2015,COTONOU,719530,98032,Cotonou  
434,2015,ATHIEME,59853,8857,Lokossa-Athiémè  
435,2015,BOPA,102026,15255,Comè-Grand popo-Houèyogbé-Bopa  
436,2015,COME,84762,12150,Comè-Grand popo-Houèyogbé-Bopa  
437,2015,GRAND-POPO,61075,8567,Comè-Grand popo-Houèyogbé-Bopa  
438,2015,HOUEYOGBE,107973,15682,Comè-Grand popo-Houèyogbé-Bopa  
439,2015,LOKOSSA,111224,16403,Lokossa-Athiémè  
440,2015,ADJARRA,103238,16632,Akpro-missérété-Avrankou-Adjarra  
441,2015,ADJOHOUN,79818,12427,Adjohoun-Bonou-Dangbo  
442,2015,AGUEGUES,47221,7450,Porto-Novo-Sèmè-Kpodji-Aguégués  
443,2015,AKPRO-MISSERETE,110938,21018,Akpro-missérété-Avrankou-Adjarra  
444,2015,AVRANKOU,135691,23208,Akpro-missérété-Avrankou-Adjarra  
445,2015,BONOU,46995,7211,Adjohoun-Bonou-Dangbo  
446,2015,DANGBO,102180,16902,Adjohoun-Bonou-Dangbo  
447,2015,PORTO-NOVO,280093,39028,Porto-Novo-Sèmè-Kpodji-Aguégués  
448,2015,SEME-KPODJI,235990,37838,Porto-Novo-Sèmè-Kpodji-Aguégués  
449,2015,ADJA-OUERE,123221,19481,Pobè-Kétou-Adja-ouèrè  
450,2015,IFANGNI,117595,18984,Sakété-Ifangni  
451,2015,KETOU,166742,27169,Pobè-Kétou-Adja-ouèrè  
452,2015,POBE,131057,20509,Pobè-Kétou-Adja-ouèrè  
453,2015,SAKETE,120896,16767,Sakété-Ifangni  
454,2015,ABOMEY,97772,13323,Djidja-Abomey-Agbangnizoun  
455,2015,AGBANGNIZOUN,76878,11713,Djidja-Abomey-Agbangnizoun  
456,2015,BOHICON,182032,27907,Bohicon-Za-kpota-Zogbodomey  
457,2015,COVE,54305,7974,Covè-Zagnanado-Ouinhi  
458,2015,DJIDJA,130914,21225,Djidja-Abomey-Agbangnizoun  
459,2015,OUINHI,62924,9872,Covè-Zagnanado-Ouinhi  
460,2015,ZAGNANADO,58347,8730,Covè-Zagnanado-Ouinhi  
461,2015,ZA-KPOTA,140744,23514,Bohicon-Za-kpota-Zogbodomey  
462,2015,ZOGBODOMEY,98481,15935,Bohicon-Za-kpota-Zogbodomey  
463,2017,BANIKOARA,276700,48838,Banikoara (ZS)  
464,2017,GOGOUNOU,131881,24743,Kandi-Gogounou-Ségbana  
465,2017,KANDI,201194,36547,Kandi-Gogounou-Ségbana  
466,2017,KARIMAMA,74460,13728,Malanville-Karimama  
467,2017,MALANVILLE,189244,33886,Malanville-Karimama  
468,2017,SEGBANA,99964,19392,Kandi-Gogounou-Ségbana  
469,2017,BOUKOUMBE,92523,15734,Natitingou-Boukoumbé-Toucountouna  
470,2017,COBLY,75862,13997,Tanguiéta-Cobly-Matéri  
471,2017,KEROU,112438,21974,Kouandé-Péhunco-Kérou  
472,2017,KOUANDE,125167,22312,Kouandé-Péhunco-Kérou  
473,2017,MATERI,127881,21803,Tanguiéta-Cobly-Matéri  
474,2017,NATITINGOU,116530,17465,Natitingou-Boukoumbé-Toucountouna  
475,2017,PEHUNCO,87773,16558,Kouandé-Péhunco-Kérou  
476,2017,TANGUIETA,84068,14209,Tanguiéta-Cobly-Matéri  
477,2017,TOUCOUNTOUNA,44639,7330,Natitingou-Boukoumbé-Toucountouna  
478,2017,ABOMEY-CALAVI,736547,109332,Abomey-Calavi-So-ava  
479,2017,ALLADA,143091,21983,Allada-Toffo-Zè  
480,2017,KPOMASSE,75913,10860,Ouidah-Kpomassè-Tori-Bossito  
481,2017,OUIDAH,181830,28347,Ouidah-Kpomassè-Tori-Bossito  
482,2017,SO-AVA,133030,23269,Abomey-Calavi-So-ava  
483,2017,TOFFO,113996,17268,Allada-Toffo-Zè  
484,2017,TORI-BOSSITO,64673,10144,Ouidah-Kpomassè-Tori-Bossito  
485,2017,ZE,119975,19752,Allada-Toffo-Zè  
486,2017,BEMBEREKE,147291,25263,Bembèrèkè-Sinendé  
487,2017,KALALE,189515,39295,Nikki-Kalalé-Pèrèrè  
488,2017,N'DALI,127483,23386,N'Dali-Parakou  
489,2017,NIKKI,169708,33067,Nikki-Kalalé-Pèrèrè  
490,2017,PARAKOU,286691,39482,N'Dali-Parakou  
491,2017,PERERE,88638,18773,Nikki-Kalalé-Pèrèrè  
492,2017,SINENDE,102872,19351,Bembèrèkè-Sinendé  
493,2017,TCHAOUROU,250399,45965,Tchaourou (ZS)  
494,2017,BANTE,120276,18084,Savalou-Bantè  
495,2017,DASSA-ZOUME,125820,19064,Dassa-Glazoué  
496,2017,GLAZOUE,139633,19654,Dassa-Glazoué  
497,2017,OUESSE,159368,23091,Savè-Ouèssè  
498,2017,SAVALOU,162209,25988,Savalou-Bantè  
499,2017,SAVE,97828,13851,Savè-Ouèssè  
500,2017,APLAHOUE,192014,30187,Aplahoué-Djakotomey-Dogbo  
501,2017,DJAKOTOME,150403,21940,Aplahoué-Djakotomey-Dogbo  
502,2017,DOGBO,115648,15895,Aplahoué-Djakotomey-Dogbo  
503,2017,KLOUEKANME,144308,22892,Klouékamè-Toviklin-Lalo  
504,2017,LALO,134578,20967,Klouékamè-Toviklin-Lalo  
505,2017,TOVIKLIN,99437,14915,Klouékamè-Toviklin-Lalo  
506,2017,BASSILA,145985,23558,Bassila (ZS)  
507,2017,COPARGO,79605,11227,Djougou-Ouaké-Copargo  
508,2017,DJOUGOU,300531,48454,Djougou-Ouaké-Copargo  
509,2017,OUAKE,83365,11892,Djougou-Ouaké-Copargo  
510,2017,COTONOU,761969,100193,Cotonou  
511,2017,ATHIEME,63384,9101,Lokossa-Athiémè  
512,2017,BOPA,108044,15716,Comè-Grand popo-Houèyogbé-Bopa  
513,2017,COME,89762,12434,Comè-Grand popo-Houèyogbé-Bopa  
514,2017,GRAND-POPO,64678,8780,Comè-Grand popo-Houèyogbé-Bopa  
515,2017,HOUEYOGBE,114342,16123,Comè-Grand popo-Houèyogbé-Bopa  
516,2017,LOKOSSA,117784,16843,Lokossa-Athiémè  
517,2017,ADJARRA,109327,17073,Akpro-missérété-Avrankou-Adjarra  
518,2017,ADJOHOUN,84525,12779,Adjohoun-Bonou-Dangbo  
519,2017,AGUEGUES,50006,7686,Porto-Novo-Sèmè-Kpodji-Aguégués  
520,2017,AKPRO-MISSERETE,117481,21495,Akpro-missérété-Avrankou-Adjarra  
521,2017,AVRANKOU,143694,23882,Akpro-missérété-Avrankou-Adjarra  
522,2017,BONOU,49767,7403,Adjohoun-Bonou-Dangbo  
523,2017,DANGBO,108207,17425,Adjohoun-Bonou-Dangbo  
524,2017,PORTO-NOVO,296613,39894,Porto-Novo-Sèmè-Kpodji-Aguégués  
525,2017,SEME-KPODJI,249909,38857,Porto-Novo-Sèmè-Kpodji-Aguégués  
526,2017,ADJA-OUERE,130489,20032,Pobè-Kétou-Adja-ouèrè  
527,2017,IFANGNI,124531,19523,Sakété-Ifangni  
528,2017,KETOU,176576,27991,Pobè-Kétou-Adja-ouèrè  
529,2017,POBE,138787,21076,Pobè-Kétou-Adja-ouèrè  
530,2017,SAKETE,128026,17183,Sakété-Ifangni  
531,2017,ABOMEY,103538,13657,Djidja-Abomey-Agbangnizoun  
532,2017,AGBANGNIZOUN,81413,12066,Djidja-Abomey-Agbangnizoun  
533,2017,BOHICON,192768,28635,Bohicon-Za-kpota-Zogbodomey  
534,2017,COVE,57508,8174,Covè-Zagnanado-Ouinhi  
535,2017,DJIDJA,138636,21912,Djidja-Abomey-Agbangnizoun  
536,2017,OUINHI,66636,10166,Covè-Zagnanado-Ouinhi  
537,2017,ZAGNANADO,61788,8962,Covè-Zagnanado-Ouinhi  
538,2017,ZA-KPOTA,149045,24304,Bohicon-Za-kpota-Zogbodomey  
539,2017,ZOGBODOMEY,104289,16423,Bohicon-Za-kpota-Zogbodomey  
540,2019,BANIKOARA,292777,50909,Banikoara (ZS)  
541,2019,GOGOUNOU,139544,25796,Kandi-Gogounou-Ségbana  
542,2019,KANDI,212884,38100,Kandi-Gogounou-Ségbana  
543,2019,KARIMAMA,78786,14306,Malanville-Karimama  
544,2019,MALANVILLE,200240,35297,Malanville-Karimama  
545,2019,SEGBANA,105772,20223,Kandi-Gogounou-Ségbana  
546,2019,BOUKOUMBE,97899,16367,Natitingou-Boukoumbé-Toucountouna  
547,2019,COBLY,80270,14609,Tanguiéta-Cobly-Matéri  
548,2019,KEROU,118971,22923,Kouandé-Péhunco-Kérou  
549,2019,KOUANDE,132440,23247,Kouandé-Péhunco-Kérou  
550,2019,MATERI,135311,22712,Tanguiéta-Cobly-Matéri  
551,2019,NATITINGOU,123300,18135,Natitingou-Boukoumbé-Toucountouna  
552,2019,PEHUNCO,92873,17272,Kouandé-Péhunco-Kérou  
553,2019,TANGUIETA,88952,14804,Tanguiéta-Cobly-Matéri  
554,2019,TOUCOUNTOUNA,47233,7643,Natitingou-Boukoumbé-Toucountouna  
555,2019,ABOMEY-CALAVI,779342,113336,Abomey-Calavi-So-ava  
556,2019,ALLADA,151404,22824,Allada-Toffo-Zè  
557,2019,KPOMASSE,80323,11271,Ouidah-Kpomassè-Tori-Bossito  
558,2019,OUIDAH,192395,29439,Ouidah-Kpomassè-Tori-Bossito  
559,2019,SO-AVA,140760,24232,Abomey-Calavi-So-ava  
560,2019,TOFFO,120619,17933,Allada-Toffo-Zè  
561,2019,TORI-BOSSITO,68431,10543,Ouidah-Kpomassè-Tori-Bossito  
562,2019,ZE,126946,20538,Allada-Toffo-Zè  
563,2019,BEMBEREKE,155849,26286,Bembèrèkè-Sinendé  
564,2019,KALALE,200526,41057,Nikki-Kalalé-Pèrèrè  
565,2019,N'DALI,134890,24343,N'Dali-Parakou  
566,2019,NIKKI,179569,34486,Nikki-Kalalé-Pèrèrè  
567,2019,PARAKOU,303348,40854,N'Dali-Parakou  
568,2019,PERERE,93788,19606,Nikki-Kalalé-Pèrèrè  
569,2019,SINENDE,108849,20172,Bembèrèkè-Sinendé  
570,2019,TCHAOUROU,264948,47903,Tchaourou (ZS)  
571,2019,BANTE,127264,18787,Savalou-Bantè  
572,2019,DASSA-ZOUME,133131,19802,Dassa-Glazoué  
573,2019,GLAZOUE,147746,20399,Dassa-Glazoué  
574,2019,OUESSE,168627,23980,Savè-Ouèssè  
575,2019,SAVALOU,171634,27038,Savalou-Bantè  
576,2019,SAVE,103512,14368,Savè-Ouèssè  
577,2019,APLAHOUE,203170,31428,Aplahoué-Djakotomey-Dogbo  
578,2019,DJAKOTOME,159141,22819,Aplahoué-Djakotomey-Dogbo  
579,2019,DOGBO,122367,16488,Aplahoué-Djakotomey-Dogbo  
580,2019,KLOUEKANME,152693,23824,Klouékamè-Toviklin-Lalo  
581,2019,LALO,142397,21834,Klouékamè-Toviklin-Lalo  
582,2019,TOVIKLIN,105214,15521,Klouékamè-Toviklin-Lalo  
583,2019,BASSILA,154467,24512,Bassila (ZS)  
584,2019,COPARGO,84230,11687,Djougou-Ouaké-Copargo  
585,2019,DJOUGOU,317993,50411,Djougou-Ouaké-Copargo  
586,2019,OUAKE,88209,12359,Djougou-Ouaké-Copargo  
587,2019,COTONOU,806241,103679,Cotonou  
588,2019,ATHIEME,67066,9444,Lokossa-Athiémè  
589,2019,BOPA,114322,16347,Comè-Grand popo-Houèyogbé-Bopa  
590,2019,COME,94977,12889,Comè-Grand popo-Houèyogbé-Bopa  
591,2019,GRAND-POPO,68435,9100,Comè-Grand popo-Houèyogbé-Bopa  
592,2019,HOUEYOGBE,120985,16739,Comè-Grand popo-Houèyogbé-Bopa  
593,2019,LOKOSSA,124628,17471,Lokossa-Athiémè  
594,2019,ADJARRA,115679,17724,Akpro-missérété-Avrankou-Adjarra  
595,2019,ADJOHOUN,89437,13273,Adjohoun-Bonou-Dangbo  
596,2019,AGUEGUES,52912,7985,Porto-Novo-Sèmè-Kpodji-Aguégués  
597,2019,AKPRO-MISSERETE,124307,22365,Akpro-missérété-Avrankou-Adjarra  
598,2019,AVRANKOU,152043,24821,Akpro-missérété-Avrankou-Adjarra  
599,2019,BONOU,52659,7689,Adjohoun-Bonou-Dangbo  
600,2019,DANGBO,114494,18106,Adjohoun-Bonou-Dangbo  
601,2019,PORTO-NOVO,313847,41315,Porto-Novo-Sèmè-Kpodji-Aguégués  
602,2019,SEME-KPODJI,264429,40355,Porto-Novo-Sèmè-Kpodji-Aguégués  
603,2019,ADJA-OUERE,138070,20836,Pobè-Kétou-Adja-ouèrè  
604,2019,IFANGNI,131766,20288,Sakété-Ifangni  
605,2019,KETOU,186836,29132,Pobè-Kétou-Adja-ouèrè  
606,2019,POBE,146851,21921,Pobè-Kétou-Adja-ouèrè  
607,2019,SAKETE,135465,17835,Sakété-Ifangni  
608,2019,ABOMEY,109554,14153,Djidja-Abomey-Agbangnizoun  
609,2019,AGBANGNIZOUN,86143,12533,Djidja-Abomey-Agbangnizoun  
610,2019,BOHICON,203968,29708,Bohicon-Za-kpota-Zogbodomey  
611,2019,COVE,60849,8476,Covè-Zagnanado-Ouinhi  
612,2019,DJIDJA,146691,22812,Djidja-Abomey-Agbangnizoun  
613,2019,OUINHI,70507,10565,Covè-Zagnanado-Ouinhi  
614,2019,ZAGNANADO,65378,9303,Covè-Zagnanado-Ouinhi  
615,2019,ZA-KPOTA,157705,25311,Bohicon-Za-kpota-Zogbodomey  
616,2019,ZOGBODOMEY,110349,17084,Bohicon-Za-kpota-Zogbodomey  
617,2021,BANIKOARA,309525,52949,Banikoara (ZS)  
618,2021,GOGOUNOU,147526,26827,Kandi-Gogounou-Ségbana  
619,2021,KANDI,225062,39638,Kandi-Gogounou-Ségbana  
620,2021,KARIMAMA,83293,14870,Malanville-Karimama  
621,2021,MALANVILLE,211694,36683,Malanville-Karimama  
622,2021,SEGBANA,111823,21029,Kandi-Gogounou-Ségbana  
623,2021,BOUKOUMBE,103499,17016,Natitingou-Boukoumbé-Toucountouna  
624,2021,COBLY,84862,15199,Tanguiéta-Cobly-Matéri  
625,2021,KEROU,125777,23834,Kouandé-Péhunco-Kérou  
626,2021,KOUANDE,140016,24190,Kouandé-Péhunco-Kérou  
627,2021,MATERI,143051,23591,Tanguiéta-Cobly-Matéri  
628,2021,NATITINGOU,130354,18833,Natitingou-Boukoumbé-Toucountouna  
629,2021,PEHUNCO,98186,17973,Kouandé-Péhunco-Kérou  
630,2021,TANGUIETA,94041,15400,Tanguiéta-Cobly-Matéri  
631,2021,TOUCOUNTOUNA,49934,7969,Natitingou-Boukoumbé-Toucountouna  
632,2021,ABOMEY-CALAVI,823924,117517,Abomey-Calavi-So-ava  
633,2021,ALLADA,160065,23669,Allada-Toffo-Zè  
634,2021,KPOMASSE,84918,11685,Ouidah-Kpomassè-Tori-Bossito  
635,2021,OUIDAH,203401,30581,Ouidah-Kpomassè-Tori-Bossito  
636,2021,SO-AVA,148812,25183,Abomey-Calavi-So-ava  
637,2021,TOFFO,127519,18601,Allada-Toffo-Zè  
638,2021,TORI-BOSSITO,72345,10952,Ouidah-Kpomassè-Tori-Bossito  
639,2021,ZE,134207,21318,Allada-Toffo-Zè  
640,2021,BEMBEREKE,164764,27306,Bembèrèkè-Sinendé  
641,2021,KALALE,211997,42766,Nikki-Kalalé-Pèrèrè  
642,2021,N'DALI,142607,25292,N'Dali-Parakou  
643,2021,NIKKI,189841,35861,Nikki-Kalalé-Pèrèrè  
644,2021,PARAKOU,320701,42299,N'Dali-Parakou  
645,2021,PERERE,99153,20405,Nikki-Kalalé-Pèrèrè  
646,2021,SINENDE,115076,20972,Bembèrèkè-Sinendé  
647,2021,TCHAOUROU,280104,49806,Tchaourou (ZS)  
648,2021,BANTE,134544,19504,Savalou-Bantè  
649,2021,DASSA-ZOUME,140746,20561,Dassa-Glazoué  
650,2021,GLAZOUE,156198,21187,Dassa-Glazoué  
651,2021,OUESSE,178273,24903,Savè-Ouèssè  
652,2021,SAVALOU,181452,28127,Savalou-Bantè  
653,2021,SAVE,109433,14907,Savè-Ouèssè  
654,2021,APLAHOUE,214792,32666,Aplahoué-Djakotomey-Dogbo  
655,2021,DJAKOTOME,168245,23702,Aplahoué-Djakotomey-Dogbo  
656,2021,DOGBO,129367,17071,Aplahoué-Djakotomey-Dogbo  
657,2021,KLOUEKANME,161427,24757,Klouékamè-Toviklin-Lalo  
658,2021,LALO,150543,22692,Klouékamè-Toviklin-Lalo  
659,2021,TOVIKLIN,111233,16129,Klouékamè-Toviklin-Lalo  
660,2021,BASSILA,163303,25488,Bassila (ZS)  
661,2021,COPARGO,89048,12149,Djougou-Ouaké-Copargo  
662,2021,DJOUGOU,336183,52357,Djougou-Ouaké-Copargo  
663,2021,OUAKE,93255,12849,Djougou-Ouaké-Copargo  
664,2021,COTONOU,852361,107404,Cotonou  
665,2021,ATHIEME,70903,9795,Lokossa-Athiémè  
666,2021,BOPA,120861,16983,Comè-Grand popo-Houèyogbé-Bopa  
667,2021,COME,100410,13379,Comè-Grand popo-Houèyogbé-Bopa  
668,2021,GRAND-POPO,72350,9435,Comè-Grand popo-Houèyogbé-Bopa  
669,2021,HOUEYOGBE,127906,17364,Comè-Grand popo-Houèyogbé-Bopa  
670,2021,LOKOSSA,131757,18117,Lokossa-Athiémè  
671,2021,ADJARRA,122296,18406,Akpro-missérété-Avrankou-Adjarra  
672,2021,ADJOHOUN,94553,13777,Adjohoun-Bonou-Dangbo  
673,2021,AGUEGUES,55939,8273,Porto-Novo-Sèmè-Kpodji-Aguégués  
674,2021,AKPRO-MISSERETE,131418,23365,Akpro-missérété-Avrankou-Adjarra  
675,2021,AVRANKOU,160741,25777,Akpro-missérété-Avrankou-Adjarra  
676,2021,BONOU,55671,7992,Adjohoun-Bonou-Dangbo  
677,2021,DANGBO,121043,18770,Adjohoun-Bonou-Dangbo  
678,2021,PORTO-NOVO,331800,42853,Porto-Novo-Sèmè-Kpodji-Aguégués  
679,2021,SEME-KPODJI,279556,41918,Porto-Novo-Sèmè-Kpodji-Aguégués  
680,2021,ADJA-OUERE,145968,21678,Pobè-Kétou-Adja-ouèrè  
681,2021,IFANGNI,139304,21072,Sakété-Ifangni  
682,2021,KETOU,197523,30295,Pobè-Kétou-Adja-ouèrè  
683,2021,POBE,155251,22812,Pobè-Kétou-Adja-ouèrè  
684,2021,SAKETE,143214,18534,Sakété-Ifangni  
685,2021,ABOMEY,115821,14671,Djidja-Abomey-Agbangnizoun  
686,2021,AGBANGNIZOUN,91070,12998,Djidja-Abomey-Agbangnizoun  
687,2021,BOHICON,215636,30830,Bohicon-Za-kpota-Zogbodomey  
688,2021,COVE,64330,8796,Covè-Zagnanado-Ouinhi  
689,2021,DJIDJA,155082,23703,Djidja-Abomey-Agbangnizoun  
690,2021,OUINHI,74541,10966,Covè-Zagnanado-Ouinhi  
691,2021,ZAGNANADO,69118,9662,Covè-Zagnanado-Ouinhi  
692,2021,ZA-KPOTA,166726,26297,Bohicon-Za-kpota-Zogbodomey  
693,2021,ZOGBODOMEY,116661,17750,Bohicon-Za-kpota-Zogbodomey  
694,2023,BANIKOARA,327031,55188,Banikoara (ZS)  
695,2023,GOGOUNOU,155870,27963,Kandi-Gogounou-Ségbana  
696,2023,KANDI,237791,41309,Kandi-Gogounou-Ségbana  
697,2023,KARIMAMA,88004,15483,Malanville-Karimama  
698,2023,MALANVILLE,223668,38200,Malanville-Karimama  
699,2023,SEGBANA,118148,21922,Kandi-Gogounou-Ségbana  
700,2023,BOUKOUMBE,109353,17710,Natitingou-Boukoumbé-Toucountouna  
701,2023,COBLY,89662,15844,Tanguiéta-Cobly-Matéri  
702,2023,KEROU,132891,24833,Kouandé-Péhunco-Kérou  
703,2023,KOUANDE,147935,25205,Kouandé-Péhunco-Kérou  
704,2023,MATERI,151142,24590,Tanguiéta-Cobly-Matéri  
705,2023,NATITINGOU,137726,19585,Natitingou-Boukoumbé-Toucountouna  
706,2023,PEHUNCO,103739,18732,Kouandé-Péhunco-Kérou  
707,2023,TANGUIETA,99359,16052,Tanguiéta-Cobly-Matéri  
708,2023,TOUCOUNTOUNA,52759,8316,Natitingou-Boukoumbé-Toucountouna  
709,2023,ABOMEY-CALAVI,870524,121989,Abomey-Calavi-So-ava  
710,2023,ALLADA,169119,24596,Allada-Toffo-Zè  
711,2023,KPOMASSE,89721,12146,Ouidah-Kpomassè-Tori-Bossito  
712,2023,OUIDAH,214905,31806,Ouidah-Kpomassè-Tori-Bossito  
713,2023,SO-AVA,157228,26240,Abomey-Calavi-So-ava  
714,2023,TOFFO,134732,19347,Allada-Toffo-Zè  
715,2023,TORI-BOSSITO,76437,11398,Ouidah-Kpomassè-Tori-Bossito  
716,2023,ZE,141798,22187,Allada-Toffo-Zè  
717,2023,BEMBEREKE,174083,28429,Bembèrèkè-Sinendé  
718,2023,KALALE,223987,44642,Nikki-Kalalé-Pèrèrè  
719,2023,N'DALI,150672,26339,N'Dali-Parakou  
720,2023,NIKKI,200578,37373,Nikki-Kalalé-Pèrèrè  
721,2023,PARAKOU,338839,43861,N'Dali-Parakou  
722,2023,PERERE,104761,21268,Nikki-Kalalé-Pèrèrè  
723,2023,SINENDE,121584,21858,Bembèrèkè-Sinendé  
724,2023,TCHAOUROU,295947,51891,Tchaourou (ZS)  
725,2023,BANTE,142154,20309,Savalou-Bantè  
726,2023,DASSA-ZOUME,148707,21401,Dassa-Glazoué  
727,2023,GLAZOUE,165032,22062,Dassa-Glazoué  
728,2023,OUESSE,188356,25922,Savè-Ouèssè  
729,2023,SAVALOU,191715,29317,Savalou-Bantè  
730,2023,SAVE,115622,15494,Savè-Ouèssè  
731,2023,APLAHOUE,226941,34054,Aplahoué-Djakotomey-Dogbo  
732,2023,DJAKOTOME,177761,24709,Aplahoué-Djakotomey-Dogbo  
733,2023,DOGBO,136684,17749,Aplahoué-Djakotomey-Dogbo  
734,2023,KLOUEKANME,170558,25807,Klouékamè-Toviklin-Lalo  
735,2023,LALO,159057,23668,Klouékamè-Toviklin-Lalo  
736,2023,TOVIKLIN,117524,16820,Klouékamè-Toviklin-Lalo  
737,2023,BASSILA,172539,26538,Bassila (ZS)  
738,2023,COPARGO,94085,12648,Djougou-Ouaké-Copargo  
739,2023,DJOUGOU,355198,54489,Djougou-Ouaké-Copargo  
740,2023,OUAKE,98529,13376,Djougou-Ouaké-Copargo  
741,2023,COTONOU,900570,111276,Cotonou  
742,2023,ATHIEME,74913,10188,Lokossa-Athiémè  
743,2023,BOPA,127697,17693,Comè-Grand popo-Houèyogbé-Bopa  
744,2023,COME,106089,13903,Comè-Grand popo-Houèyogbé-Bopa  
745,2023,GRAND-POPO,76442,9792,Comè-Grand popo-Houèyogbé-Bopa  
746,2023,HOUEYOGBE,135140,18065,Comè-Grand popo-Houèyogbé-Bopa  
747,2023,LOKOSSA,139209,18836,Lokossa-Athiémè  
748,2023,ADJARRA,129213,19141,Akpro-missérété-Avrankou-Adjarra  
749,2023,ADJOHOUN,99901,14324,Adjohoun-Bonou-Dangbo  
750,2023,AGUEGUES,59102,8602,Porto-Novo-Sèmè-Kpodji-Aguégués  
751,2023,AKPRO-MISSERETE,138851,24335,Akpro-missérété-Avrankou-Adjarra  
752,2023,AVRANKOU,169832,26806,Akpro-missérété-Avrankou-Adjarra  
753,2023,BONOU,58820,8320,Adjohoun-Bonou-Dangbo  
754,2023,DANGBO,127889,19511,Adjohoun-Bonou-Dangbo  
755,2023,PORTO-NOVO,350566,44456,Porto-Novo-Sèmè-Kpodji-Aguégués  
756,2023,SEME-KPODJI,295367,43586,Porto-Novo-Sèmè-Kpodji-Aguégués  
757,2023,ADJA-OUERE,154224,22594,Pobè-Kétou-Adja-ouèrè  
758,2023,IFANGNI,147183,21908,Sakété-Ifangni  
759,2023,KETOU,208695,31557,Pobè-Kétou-Adja-ouèrè  
760,2023,POBE,164032,23761,Pobè-Kétou-Adja-ouèrè  
761,2023,SAKETE,151314,19273,Sakété-Ifangni  
762,2023,ABOMEY,122372,15237,Djidja-Abomey-Agbangnizoun  
763,2023,AGBANGNIZOUN,96221,13522,Djidja-Abomey-Agbangnizoun  
764,2023,BOHICON,227832,32061,Bohicon-Za-kpota-Zogbodomey  
765,2023,COVE,67969,9140,Covè-Zagnanado-Ouinhi  
766,2023,DJIDJA,163853,24710,Djidja-Abomey-Agbangnizoun  
767,2023,OUINHI,78757,11410,Covè-Zagnanado-Ouinhi  
768,2023,ZAGNANADO,73027,10058,Covè-Zagnanado-Ouinhi  
769,2023,ZA-KPOTA,176156,27422,Bohicon-Za-kpota-Zogbodomey  
770,2023,ZOGBODOMEY,123259,18486,Bohicon-Za-kpota-Zogbodomey  
